Metabolite,HMDB_ID,Class,Method
Tyramine,HMDB0000306,Metabolite,Targeted Metabolomics
L-Valine,HMDB0000883,Metabolite,Targeted Metabolomics
Succinyl-CoA,HMDB0001022,Metabolite,Targeted Metabolomics
Taurodeoxycholic acid,HMDB0000896,Metabolite,Targeted Metabolomics
Inositol cyclic phosphate,HMDB0001125,Metabolite,Targeted Metabolomics
D-Phenyllactic acid,HMDB0000475,Metabolite,Targeted Metabolomics
Glucose,HMDB0304632,Metabolite,Targeted Metabolomics
cis-Aconitic acid,HMDB0000072,Metabolite,Targeted Metabolomics
D-Ornithine,HMDB0003374,Metabolite,Targeted Metabolomics
Glycerol 3-phosphate,HMDB0000126,Metabolite,Targeted Metabolomics
N-Acetyl-D-tryptophan,HMDB0255052,Metabolite,Targeted Metabolomics
L-Threonine,HMDB0000167,Metabolite,Targeted Metabolomics
N-Acetylputrescine,HMDB0002064,Metabolite,Targeted Metabolomics
dTDP-D-glucose,HMDB0001328,Metabolite,Targeted Metabolomics
Phosphocholine,HMDB0001565,Metabolite,Targeted Metabolomics
CDP-glucose,HMDB0003369,Metabolite,Targeted Metabolomics
Deoxyinosine,HMDB0000071,Metabolite,Targeted Metabolomics
Selenocysteine,HMDB0003288,Metabolite,Targeted Metabolomics
L-Norleucine,HMDB0001645,Metabolite,Targeted Metabolomics
D-Lactic acid,HMDB0000171,Metabolite,Targeted Metabolomics
DL-Proline,HMDB0251528,Metabolite,Targeted Metabolomics
"Glucose 1,6-bisphosphate",HMDB0003514,Metabolite,Targeted Metabolomics
D-Tryptophan,HMDB0013609,Metabolite,Targeted Metabolomics
isopentenyl adenosine,HMDB0304396,Metabolite,Targeted Metabolomics
Ureidoisobutyric acid,HMDB0002031,Metabolite,Targeted Metabolomics
L-Arginine,HMDB0000517,Metabolite,Targeted Metabolomics
Hypoxanthine,HMDB0000157,Metabolite,Targeted Metabolomics
Sphinganine 1-phosphate,HMDB0001383,Metabolite,Targeted Metabolomics
O-Phosphothreonine,HMDB0011185,Metabolite,Targeted Metabolomics
N-Acetyl-L-methionine,HMDB0011745,Metabolite,Targeted Metabolomics
Citric acid,HMDB0000094,Metabolite,Targeted Metabolomics
N-methyl-L-glutamic Acid,HMDB0062660,Metabolite,Targeted Metabolomics
Dehydroascorbic acid,HMDB0001264,Metabolite,Targeted Metabolomics
Allodeoxycholic acid,HMDB0000478,Metabolite,Targeted Metabolomics
beta-Tocopherol,HMDB0006335,Metabolite,Targeted Metabolomics
D-alpha-Aminobutyric acid,HMDB0000650,Metabolite,Targeted Metabolomics
Adenosine,HMDB0000050,Metabolite,Targeted Metabolomics
œâ-hydroxylaurate,HMDB0304547,Metabolite,Targeted Metabolomics
Hydroxypyruvic acid,HMDB0001352,Metabolite,Targeted Metabolomics
S-Allylcysteine,HMDB0034323,Metabolite,Targeted Metabolomics
Lauric aldehyde,HMDB0033933,Metabolite,Targeted Metabolomics
D-Valine,HMDB0250806,Metabolite,Targeted Metabolomics
Norspermidine,HMDB0011634,Metabolite,Targeted Metabolomics
Chenodeoxycholic acid,HMDB0000518,Metabolite,Targeted Metabolomics
Uridine,HMDB0000296,Metabolite,Targeted Metabolomics
Homo-L-arginine,HMDB0000670,Metabolite,Targeted Metabolomics
Barbituric acid,HMDB0041833,Metabolite,Targeted Metabolomics
N-Acetyl-L-glutamic acid,HMDB0001138,Metabolite,Targeted Metabolomics
Dodecanoic acid,HMDB0000638,Metabolite,Targeted Metabolomics
Diadenosine triphosphate,HMDB0001155,Metabolite,Targeted Metabolomics
L-Malic acid,HMDB0000156,Metabolite,Targeted Metabolomics
Propionic acid,HMDB0000237,Metabolite,Targeted Metabolomics
Tuberculostearic acid,HMDB0004085,Metabolite,Targeted Metabolomics
Bisnorbiotin,HMDB0004821,Metabolite,Targeted Metabolomics
Glutamate,HMDB0000148,Metabolite,Targeted Metabolomics
N-Acetyl-L-tyrosine,HMDB0000866,Metabolite,Targeted Metabolomics
Nicotinamide ribotide,HMDB0000229,Metabolite,Targeted Metabolomics
Pantothenic acid,HMDB0000210,Metabolite,Targeted Metabolomics
Riboflavin,HMDB0000244,Metabolite,Targeted Metabolomics
